entities,time_ms
8.822693,5.404492
9.15004,5.51075
3.8286376,2.8602293
9.593057,6.5704203
3.9044821,3.27227
6.0089536,3.8091447
2.5657248,2.076262
7.9364133,5.238948
9.407715,6.685374
1.3318592,2.165089
9.345981,5.602624
5.9357967,4.559979
8.694044,5.896592
5.6771526,4.020441
7.4109406,4.7155905
4.294045,2.9202952
8.854429,5.677748
5.7390447,3.4147766
2.6658006,2.3277218
6.2744913,4.571293
2.6963167,2.4308445
4.4136357,3.54594
2.9692082,2.6845396
8.3168545,5.2961783
1.0531491,1.4473122
2.6949482,2.8793213
3.5881262,2.1428337
1.9936377,3.0316412
5.4719157,3.8752708
0.06160438,1.6377372
9.515545,5.7669787
0.75265884,1.8886547
8.860137,6.0264916
5.8320956,4.260124
3.3764772,2.2988868
8.08975,4.1748304
5.779254,3.8444858
9.039817,5.683245
5.5465984,3.456859
3.423134,2.6955724
6.343418,4.650182
3.6441028,2.9059474
7.1042876,4.722271
9.46411,5.0988245
7.890298,5.9316864
2.8141375,2.969615
7.8863235,4.848827
5.8946314,3.6494222
7.539175,4.343058
1.9524747,2.075439
0.050457716,0.23684675
3.0681973,3.1978292
1.1648858,2.0446935
9.1026945,5.855486
6.440157,5.8202057
7.071068,5.318202
6.581306,4.775307
4.91302,4.030322
8.913041,6.7233596
1.447432,2.1744423
5.3148184,4.0547204
1.5872991,1.6143395
6.54176,3.7874143
3.2780886,2.7548115
6.5320816,4.19297
3.9582925,3.070255
9.146959,5.633009
2.0364904,2.0380142
2.0180101,1.680683
2.01783,1.1663853
9.497214,6.859064
6.6662555,3.9096673
9.811254,6.0889087
0.8736187,0.78597456
0.040619373,1.5134779
1.0881811,0.8677605
1.6365546,2.858941
7.025201,4.767647
6.7903795,4.987894
9.154622,6.4474235
2.4178731,2.4301143
1.591441,2.4440506
7.6528907,4.9096017
2.9789777,2.7197382
8.034619,5.774026
3.8134968,2.7058566
7.8602295,6.2329445
1.11516,0.8878101
2.4767513,2.8055837
6.524382,4.477677
6.057038,3.9352543
3.7252064,2.904876
7.980347,5.45533
8.399046,4.557315
1.3741332,1.3052641
2.330659,2.1977787
9.57831,5.9101257
3.3128376,3.2038453
3.227418,2.1744664
0.16202688,0.64639395
2.136649,2.0050201
6.249018,4.0796566
4.340034,3.2940943
1.3705701,3.4790263
5.1172833,4.0819964
1.5845925,0.9516597
0.7580167,1.1138297
2.246687,1.6258595
0.62393963,1.6496446
1.8163097,1.2580414
9.998044,6.4827447
5.944375,4.4628468
6.5407987,4.4854383
0.3365785,2.2534125
1.716131,1.582121
3.335721,3.0645838
5.7818556,4.4598503
0.6003934,2.5123556
2.845635,2.4739504
2.0066571,2.9544847
5.0138564,4.13563
3.139484,3.3427184
4.653521,3.4702022
1.6118515,2.7105849
1.5680242,1.7534381
2.0829911,2.36621
3.2885127,1.9606988
1.0535955,1.7195152
9.192349,4.9836144
4.00768,3.922639
9.301984,5.906743
6.5579104,5.3326526
0.76601505,1.1317376
8.460176,5.3122144
3.624276,1.8214922
3.0833697,3.1083539
0.8496475,1.8084575
0.02919674,1.0186357
6.4305534,4.495563
3.9077806,4.2725754
6.9466157,4.420366
0.89668274,1.7010534
8.712146,4.504103
1.3297313,2.0683904
4.1366334,2.9172692
6.0443487,3.8855364
7.581259,5.0941544
9.036551,5.5876503
9.554796,6.8228893
1.0353893,2.0890088
6.258336,4.4832277
2.8493702,3.6505342
4.452076,2.937652
1.2575495,1.6067911
9.554293,6.345831
1.3302475,1.7981503
7.6722565,4.938858
6.757198,4.016736
6.6247797,4.640763
2.2967691,2.0601826
9.544758,6.336037
6.098752,3.6153266
5.6432004,2.9852843
0.59372604,0.43482006
7.0989423,4.5369706
4.249897,2.1824017
2.7093787,2.850093
9.294733,6.003692
6.114744,4.7620153
2.2336178,2.8387733
2.4693055,2.5836132
4.7612214,3.9996963
7.791806,5.2109733
3.722331,2.7721267
2.1471257,2.2609513
3.2877855,2.2429783
1.2646258,1.0262852
6.783162,4.331587
8.870201,4.5925245
0.29279828,0.9187788
6.1612535,3.7307408
7.582959,5.3011575
5.9066467,4.06161
3.2193768,2.992998
7.6097107,4.6780815
7.627566,5.7449436
6.869636,4.6949863
4.121393,3.6364045
3.6759937,2.7453797
5.5349045,3.362571
4.1167297,3.4152846
3.5099947,2.8225713
8.196034,5.315512
9.296998,5.713787
4.5050135,3.3490384
3.8805156,3.3638377
5.0729613,3.5949945
4.701459,3.8186467
6.2020564,4.1552196
6.401168,3.921012
0.45871615,2.490277
3.1548114,2.9863164
9.210648,6.02837
6.947775,4.660553
4.7513123,3.9043913
1.9854712,2.5250044
1.9409746,1.6328744
0.5211657,1.5485756
3.3701878,3.6163447
6.688521,3.630053
8.188108,5.223134
7.308487,4.7322836
0.5802798,2.3444278
1.9931877,1.4096775
4.2109165,3.0791256
9.836748,6.7059917
5.7232876,3.3287506
3.7051463,3.0211084
7.0685763,3.4707513
3.0955923,2.9864533
1.7637217,2.4446065
8.649436,4.723935
2.726491,2.2555525
3.9976664,4.3209047
0.025978684,0.6720468
8.346354,5.2734466
8.788174,6.4387197
6.822241,4.2962604
1.513629,1.4161091
0.065300465,1.0223912
0.93910515,0.8927789
8.728501,6.108589
7.400529,4.279178
9.207522,5.636744
7.6193495,4.2232537
6.265461,5.737929
4.9510365,4.137163
1.1974698,1.5561157
0.7161391,1.2812743
0.32325685,0.9825704
7.0468097,4.6698875
2.54516,1.9257731
3.9937372,2.5702672
2.1224737,2.7394187
4.0888824,2.4386501
1.4808255,1.3329902
1.7329216,1.9829824
6.658554,5.054959
3.514018,3.3211987
8.086716,5.0710464
3.395956,3.1374903
1.3321638,1.8782015
4.1178055,3.7782109
2.576263,2.676628
3.470292,3.0462406
0.24002194,1.1828899
7.797455,5.595511
1.5189773,2.7160425
7.5130887,5.0830164
7.268921,4.897751
8.572164,4.848134
1.1647397,2.8898206
8.5959835,5.1984043
2.636242,2.353561
6.8553457,4.5946145
9.695574,5.510763
4.294841,4.035098
4.961333,3.4894514
3.8488472,3.3955815
0.8250773,1.6615245
7.399514,4.8277
0.03641069,0.95324206
8.103999,5.551808
8.741125,5.0410414
9.728532,5.879005
3.8206024,3.2811816
0.8917904,2.4238794
6.124151,4.7082753
7.7621365,5.4338803
0.023456216,1.9203336
3.8650818,3.4868314
2.0027227,2.7304616
4.562681,3.5386324
2.5389326,3.4222796
2.956162,3.5137808
3.4127057,2.165836
0.24847984,0.7630311
9.102537,5.9615183
9.191656,6.5181847
4.215655,3.9423645
4.4305897,2.3227253
2.9594004,2.8068774
0.4846859,1.4296578
0.13427794,0.8412368
6.858292,3.654885
2.2547693,1.564884
1.7856151,2.2204509
4.6098843,3.9577668
3.3349442,2.0609891
3.3823962,2.0180252
5.160656,5.0472727
3.9394379,3.0161815
3.2784379,2.8436623
2.6059704,1.7254484
0.930863,1.4460864
9.192535,5.1366034
2.9990644,3.5967407
6.3248973,4.256798
3.2651706,2.4697862
5.4063063,3.326787
9.661502,6.5689225
7.3036137,3.6278853
0.6670016,1.244656
6.984514,5.2636747
9.746214,5.775757
6.315417,4.625863
8.352123,5.8449087
9.929438,6.0391603
4.2338552,3.817525
6.037772,3.7833774
1.5248245,2.240099
3.9696145,2.9340904
8.702919,5.9771123
7.563229,4.345262
1.8360549,2.315193
0.99057496,1.7771485
1.5831816,2.5288825
0.0656116,1.6511289
1.141805,1.8734732
3.763513,2.5004096
8.374386,5.851681
5.836911,3.9914796
1.1969727,1.7546474
0.9888804,1.6168967
7.487376,5.5487447
1.2807935,0.7698257
4.3843627,2.5723991
7.39853,5.0142374
2.6859398,2.318152
4.4548006,3.2235582
4.5647774,3.9379158
3.8170834,2.7758746
2.4648392,1.7826471
0.5428082,1.2637571
0.958215,1.4695008
2.3226917,2.9380507
9.829188,7.538858
2.5849266,2.121255
1.6423601,2.2068107
6.2119713,4.4831076
6.3780518,4.434317
7.7395487,5.7459803
8.800602,5.963034
7.784371,4.635519
0.04249513,2.186679
5.4434433,3.5485563
8.028766,5.2088113
4.537873,4.3765316
2.0536041,2.5301065
9.766699,6.381546
3.1298609,3.4291682
2.1532774,1.8627042
0.4922247,1.587376
5.2233415,3.4057426
7.215666,4.4886093
6.1068144,4.622016
5.9887486,4.7686453
1.2080628,2.1669765
0.33056378,2.4876246
5.088047,2.6058078
9.559171,6.436675
7.884607,5.601117
2.0888286,2.535246
4.3509574,3.4611754
1.3140821,2.4940047
2.587883,3.1664438
5.905492,4.083488
7.7226925,5.062381
9.141847,5.3586545
0.4094696,0.1666255
8.343076,5.028339
1.4735395,1.9388345
6.8723364,4.2415795
9.231226,6.1517677
5.070212,4.669887
9.549045,5.6496553
0.7397425,1.6196611
3.090204,2.0858378
7.9162645,4.6570334
3.9106607,3.0220394
3.9764988,3.3947737
2.9160416,3.2042794
8.44653,4.6442256
7.452516,5.39608
6.60225,4.337394
2.1901817,2.02146
0.9412521,1.6173623
5.540803,3.8789914
6.4813943,4.827022
2.6914406,2.8660073
3.6010118,3.0750484
8.376839,5.25826
5.3982983,3.5428958
5.2255917,3.4338996
3.7694974,2.7819085
0.4720515,1.4352021
0.29871285,1.1079321
2.6099248,1.9648954
2.458393,2.8813012
6.557768,4.4590845
3.5444462,3.1403563
3.0438895,2.2459614
9.767149,6.0403113
6.7416143,4.9868364
8.564511,5.935757
2.5794363,2.509282
2.957666,2.6253598
6.8377023,4.94543
1.6686243,1.5266411
1.7314798,1.6612335
4.7585015,3.3226554
3.1711965,2.3812203
1.25171,2.3820763
7.9657946,5.242581
9.020814,5.392174
5.8111167,4.6353507
4.1294336,3.4986644
0.36863506,2.0388727
3.1788063,3.4341993
6.272928,5.2707963
7.3576546,4.734001
4.3679123,3.126306
3.0232358,2.8665395
7.7861304,3.782149
1.0180014,1.5861644
8.1600895,5.8526235
3.060226,3.6465147
5.076527,4.1878667
4.011921,3.1723816
5.6061945,3.9027495
3.489008,3.6408093
8.635634,5.679551
4.870014,3.7294695
8.902997,5.9781766
9.807403,6.237315
2.5640452,3.312796
1.3524544,1.6466498
9.01151,4.9598017
8.91807,5.5226207
1.1822635,1.6106505
4.6134834,3.9795098
0.06936848,1.2535158
0.9070045,2.4796298
5.9657125,3.948801
6.330173,3.711539
6.059905,4.0935183
3.6391764,2.8968742
9.612888,5.613282
5.7148895,3.695093
2.049576,2.4110684
4.716931,3.8386767
6.200726,3.0868556
6.750963,4.4460025
1.4645958,2.1562421
6.873948,4.232186
2.4455917,2.6290095
0.8452982,2.6549797
2.2689629,2.171237
9.822046,5.2456546
9.274289,5.672835
9.477423,5.2951145
7.935056,4.896841
8.777247,5.6765776
4.3307514,3.0553136
2.2488606,2.6559587
7.498283,4.4588976
2.4090862,2.8907053
1.6256708,0.81475186
3.4033298,2.9106712
6.0492964,4.851607
7.573983,4.474031
3.0579548,3.5736995
2.0571685,2.155085
5.674465,4.0981116
2.052834,2.1453617
1.7446929,2.3173594
7.6062593,5.4587574
4.160077,4.1763463
9.568925,6.1638756
9.863913,5.9860973
6.4955277,4.726096
6.7207885,4.873338
6.1514187,4.7645273
5.0783043,4.102194
4.6363378,4.141433
5.068721,4.0538244
6.8671236,4.573853
9.648854,6.7240877
3.7042046,2.9717607
2.8864212,1.535918
3.7891757,2.4454613
2.5843787,2.2617779
5.8501935,4.0387263
8.732242,5.868212
8.909887,5.4946146
7.2956276,4.9387903
1.3203424,0.9597626
2.316476,1.6387472
3.901443,2.2127473
4.078379,2.7239363
5.4112387,4.574184
0.41014254,1.2607168
6.556224,4.8671427
1.1856395,1.0893598
1.8362767,2.3210547
0.84308743,2.535539
9.356598,5.1575217
0.26530087,1.015555
8.771833,4.604473
4.8319154,3.2908216
4.418506,2.6884499
8.127393,4.641944
4.537862,2.8555586
8.135771,5.193058
8.615075,4.8862863
0.6589496,2.2696724
6.9239197,4.979133
5.943895,3.7750604
6.0750585,3.6433744
5.729957,3.7941732
6.367655,4.4376683
2.594666,2.020051
4.3602943,3.2390049
9.7506,6.6246076
8.359247,5.1834784
4.8121576,3.9270623
0.29734552,1.0556178
5.219139,4.2000604
1.5951324,3.050562
9.065958,6.4931965
1.9645631,2.473972
4.638992,3.4442034
3.8902867,2.6330206
5.889769,4.1288514
9.705138,5.783681
5.475096,3.6940448
7.89582,5.770662
8.881108,5.1078863
9.036556,5.6041837
3.2732427,3.077179
3.8817167,3.4663115
7.409689,5.0840006
3.6356616,2.3586571
7.34132,4.2259507
3.9076614,2.681075
1.6087383,1.608153
7.035217,4.9271574
5.76659,4.3208094
7.229242,5.178187
9.96743,6.7512097
8.413665,4.6832614
9.739905,5.221606
5.2676144,2.7485626
0.6989372,1.3710324
1.4923638,1.6244723
1.8941313,2.2857125
0.5937582,1.0637513
2.4937625,1.7622015
0.39716125,1.4486048
0.38692355,1.2692013
2.012227,1.7498363
0.07083058,0.8143248
1.9309378,2.6183634
6.9065433,5.097499
9.170264,5.3887105
3.5126858,3.2234674
3.5456061,2.5735614
7.6697664,5.294001
2.5331454,1.8861616
2.635837,2.006593
8.080647,4.987108
0.64349174,1.9118276
5.611374,3.9887056
9.41691,6.115391
5.8574324,4.1098804
6.3597193,3.637052
2.0880442,2.1246414
4.931017,3.5343041
5.2749224,3.5458167
6.2271714,3.9494312
6.94273,4.867845
9.344639,5.214439
1.1835027,2.4510047
5.1498766,3.7749527
2.5018187,3.162987
1.0446805,1.4123209
4.5996118,3.0498495
0.5988157,1.7389902
8.489496,5.3206916
5.579074,3.3348696
2.3052096,2.5810497
7.6128955,4.704743
0.2678603,1.5652689
3.0660038,2.8576734
4.0259066,3.1276436
0.7512486,1.2685746
1.8205583,2.378035
4.183907,2.4597523
8.793823,5.03226
9.828271,5.288428
8.181313,5.9033556
2.01438,1.6139235
1.7288941,2.3074722
9.363466,5.6805625
6.768587,4.6442256
5.1328382,3.6799986
5.6766605,4.372838
0.98151624,2.020323
3.3305728,2.8226402
9.81309,6.5852585
3.766839,3.3097684
4.7491794,3.7802322
0.84834456,0.41937292
2.2029643,2.0456898
4.897902,2.9092703
1.8942028,1.7822058
4.379952,3.8910298
7.0347958,4.8153243
0.109113455,2.0180044
6.4850607,3.6461284
1.6939592,2.3919408
2.5597448,2.240318
6.9195485,5.482892
8.975601,5.340954
3.6334567,3.660114
2.9471545,2.7468715
0.4788208,1.5308826
2.4217117,2.269739
0.6218153,0.6474746
3.8556476,2.877715
6.020277,3.6593199
0.3156215,2.0529404
9.365567,5.56402
8.136954,5.158179
0.10527074,1.0044184
2.611835,2.579193
6.630776,5.0080585
3.972702,3.3896658
4.4551177,3.1543853
2.7424216,2.8496897
9.016098,5.742153
2.205009,2.9270935
9.146384,5.3560343
5.3226113,4.2355957
6.005109,3.1559153
8.90066,5.7871366
4.1761723,4.123809
2.1532834,2.0295808
4.191329,3.7756238
9.055267,6.0176783
1.2900633,1.3338838
6.134902,3.913258
0.08604288,1.2728173
7.6215105,4.667589
6.8473387,4.9509034
5.2119613,3.7325666
7.1459656,5.4798784
5.005624,3.408289
7.766764,4.793317
1.0418975,2.0914943
4.2657375,4.265185
7.218073,4.1553116
9.979084,5.9892125
7.546957,4.202253
1.364128,2.4536464
8.845484,6.300913
3.8850088,2.518253
3.932428,3.1533506
0.4554516,2.3960767
4.2129283,2.846613
8.5366335,5.7362437
5.697224,4.319281
2.0877302,1.6001735
6.5390606,3.8675654
3.396778,2.5693398
9.56497,5.803584
0.66022694,1.7401959
3.4206223,2.9068985
0.17213225,1.1266267
3.030849,2.4700098
6.576238,4.2452116
9.813073,5.8614945
5.8397317,4.580188
9.901793,5.8366117
5.9782605,4.522301
7.88768,5.126105
9.008311,5.63879
9.179617,5.086695
2.2013812,2.4370987
9.59695,6.364684
8.028828,6.0717654
2.662105,1.1871263
2.6139832,2.48578
0.80626905,1.9574195
6.2556863,3.8208957
0.9472537,1.4078746
7.1121235,5.384635
6.5789886,4.7776656
0.65598905,1.0393641
6.3625045,3.614495
4.5933475,3.8958
7.2840886,4.588117
7.868948,5.7736835
0.029274821,0.43294054
9.585494,5.1176634
9.19321,6.2544456
6.989418,4.342834
0.43019474,2.0647912
3.2138963,1.9779351
3.5509558,4.550744
3.7150102,2.5464466
7.8196154,5.193784
6.817853,4.5924783
8.960896,5.8632016
3.1273842,2.7437437
6.6826987,3.9359434
6.7789755,3.7396474
0.8370459,1.3775275
0.14990091,0.92601997
2.4055548,3.294719
8.422738,5.556809
0.29270172,1.2620429
0.64783096,1.1505549
7.801003,5.802538
7.6976447,4.6251764
9.111963,5.588009
1.2253064,2.2671728
1.3405013,2.0190942
7.5649333,4.7596684
9.348151,6.8157473
7.9916945,4.548774
5.7832603,3.475032
6.6478734,4.949923
9.745634,6.89287
1.7739785,1.5640845
2.729941,2.1439779
8.4973345,5.192898
1.5788019,1.9416803
2.242937,2.3259144
8.649956,5.0376425
6.5776105,4.421514
6.6153502,4.4350853
2.8807979,2.8721483
4.9309974,4.0077515
9.576164,6.7472763
1.9988996,1.7419786
5.039311,4.8454423
7.3779974,4.7049537
1.5482187,1.4340686
9.855885,7.1220365
2.5019474,2.79267
3.7993197,4.276419
3.6471486,3.045251
1.7417055,2.3610969
0.093677044,1.5808109
7.8192577,5.4321103
6.3283706,3.6029487
0.31699598,0.05062902
1.781866,1.2542715
9.94184,6.6325183
6.9111753,4.6453385
7.006223,4.9470906
2.0085096,2.393151
2.8080196,2.0753133
4.2452292,4.589198
4.0856004,2.664452
1.5737581,2.218619
5.411925,4.639742
5.49694,4.732322
4.3668947,3.59737
5.693159,3.9099433
3.018247,3.006146
6.3012595,4.8364816
6.885702,4.4402094
2.3663049,2.9775128
0.04210472,1.7220931
7.6171722,4.2762585
6.1926837,4.2812605
2.4570603,2.3703086
9.81851,6.3017635
2.73876,3.0077791
8.378734,5.283551
7.5366426,5.1443253
0.80795944,1.4108845
8.224707,5.4907494
0.40263534,2.257006
2.2299266,2.4232876
4.1664257,3.4417355
1.6297674,1.6530563
9.884549,6.2280574
3.9971018,3.4617138
6.9859486,4.7557445
0.53544044,0.5913468
7.878332,5.5267477
3.4460812,2.8699076
1.1966437,2.2437196
5.731115,3.6789424
7.422309,5.573452
9.326985,5.630557
1.9460368,2.4188387
2.5394785,2.3368204
5.961314,4.5434465
6.356306,4.920188
6.9223614,4.4812155
7.744376,5.0594487
3.8662314,3.0564554
7.7778482,5.1922774
8.686458,5.2986565
3.6938925,3.1691291
8.557286,6.4400516
7.442898,4.8102603
9.410264,6.4697857
2.1586304,1.862383
2.530955,1.8056579
3.5543056,2.4720087
5.2536316,4.089935
8.000995,4.888362
2.1456866,2.986586
7.50327,5.1730113
3.2080932,2.1717937
8.020546,4.648456
4.762614,3.8746781
0.61956525,1.278944
2.2487707,2.49862
1.3812399,2.0730522
7.4798126,4.925335
1.647259,2.5977037
4.583409,2.9123545
6.078779,4.3213034
2.2580266,2.054893
6.4423504,4.8551645
0.117883086,0.9798217
1.4224577,1.0271158
0.469383,2.0097644
3.4876132,2.9631836
3.178513,2.407361
5.7159667,3.0532594
4.0754275,2.9821436
7.3504105,5.345993
9.583977,6.212698
6.793956,5.4260144
3.0301623,2.8416479
0.31807184,0.96394444
6.8110094,5.281182
2.5227106,2.4251819
7.5443816,6.0151687
8.342424,6.233006
6.928602,4.7403507
9.691554,6.1465287
9.748982,5.776459
6.0586996,3.4520688
1.3568163,2.6338987
9.467207,5.2016964
2.627521,2.2193003
2.6382322,2.5037084
9.183893,4.9232593
8.874052,6.2458415
6.5107565,3.9317632
5.3134193,4.610956
0.7941705,0.89575857
4.4809794,2.7709246
9.795631,5.038753
6.273294,4.2796044
5.42809,3.4259725
3.9617448,3.4241104
3.2560885,2.4798799
7.9801135,6.153356
5.3083425,2.836935
8.252871,4.9119644
4.115007,3.1826324
7.184546,4.9554114
7.0638494,4.6614084
5.7973204,4.499063
8.141865,5.7334657
8.133229,6.085413
9.634617,5.5524526
8.84388,5.194877
3.7215166,3.1404076
0.766899,1.3396164
5.9140873,4.480565
4.956359,2.7518249
3.695873,2.3650055
4.1627264,3.5065892
5.235164,3.808663
8.6481495,5.815196
6.5587063,4.9549084
3.2245283,3.4391453
2.9438753,2.7170293
3.7618434,4.077919
3.067485,2.43125
9.496115,6.1732845
7.6482267,4.831091
9.514878,6.2852716
5.0159683,3.3344162
6.008354,3.718212
6.7338233,4.030993
0.26723444,1.9615722
5.4464827,3.813515
4.66555,4.3126764
2.1967297,2.2719262
1.1202633,1.9497631
9.426373,6.4054728
9.0653305,6.0502315
7.317343,4.960454
9.771249,5.9951124
2.9709606,2.2204595
4.1363864,3.5044737
6.893093,4.142058
4.173867,2.6556516
4.018826,3.1220932
0.86719275,2.5417228
6.3433065,4.475063
1.978364,2.2490954
5.1818314,4.2713985
9.874878,5.53373
3.4609234,3.020387
3.4240413,1.9217297
8.016564,5.5296774
3.1617336,3.8671813
4.570613,4.6020145
9.668693,6.145615
2.9501314,2.2100558
1.4229488,2.0718994
2.2017813,2.3194618
3.613772,3.0923152
2.6275063,2.150381
2.4053411,2.3998468
7.0197225,4.8690815
5.8496885,4.0047054
3.399692,2.7734513
1.1154431,1.6408846
3.4257007,3.7020087
2.8898044,2.4857721
3.3729053,2.7417195
0.48938513,1.1117043
6.0771456,3.3665218
1.3263822,1.9201534
1.1060041,1.6572161
0.91483414,2.948722
7.0869184,4.420415
1.9898665,2.266069
2.936246,2.2004354
8.919203,6.18468
7.6548214,5.427148
7.8669558,5.229806
0.2524674,1.1213111
1.4145011,2.512508
3.1124449,2.6722038
9.130488,5.500449
5.5115023,3.633302
1.2605143,1.2711442
5.031309,3.420007
1.1166459,2.0227115
3.9045036,2.658211
3.6251247,3.0617275
9.328308,6.0216184
6.5486836,4.3272142
4.1281443,2.5659544
5.8446436,4.4467435
3.5566723,2.3967586
6.964502,4.2972717
6.9778194,4.8126483
6.3427305,4.7815266
3.0511153,2.9779747
9.265754,6.168244
4.27815,1.8918192
3.0534167,2.6280966
8.13157,4.963695
9.075283,6.359571
9.975799,5.3377786
6.481292,3.8302069
3.2955308,2.1898382
7.53946,4.0655265
9.289772,5.6048913
0.09582937,0.75153625
4.380565,3.2624044
1.5901726,1.5158014
5.931799,3.8807619
7.067924,4.8303704
3.9670606,3.3759031
4.581714,3.0610664
7.250554,5.466015
4.1596513,3.3436308
0.8011025,1.9056044
9.00068,5.0532136
2.4834275,2.7436345
4.4507074,3.9839768
5.471632,4.1440125
4.699516,3.8871121
0.29657006,1.4607788
