Модель,MSE,RMSE,MAE,R2
NN (nn_relu_dropout_exp_6_wd_zero),0.08424356667391834,0.2902474231994461,0.20474438859257646,0.9105278567767155
NN (nn_relu_dropout_exp_7_wd_high),0.08720855944652264,0.29531095382075256,0.2106546966146055,0.9073788417423297
NN (nn_relu_dropout_exp_4_batch_128),0.08817770127710864,0.2969473038724357,0.216891285747305,0.906349550128817
NN (nn_v5_relu_dropout),0.0887610378591665,0.2979279071506503,0.21340102336927447,0.905730008764676
NN (nn_v2_leaky),0.09060425977873679,0.3010054148661396,0.2211564911873002,0.903772387285775
NN (nn_relu_dropout_exp_1_lr_high),0.09172295545666717,0.30285797902097145,0.21533066362595094,0.9025842597661213
NN (nn_v1_relu),0.091759624077606,0.3029185106222563,0.21653943048906146,0.9025453153074052
NN (nn_v7_gelu_wide),0.0940448819376961,0.3066673799700518,0.21710194454703616,0.9001182229295202
NN (nn_v6_relu_small),0.0944736697674872,0.3073656938688623,0.22336184149514102,0.8996628223851917
NN (nn_relu_dropout_exp_3_batch_16),0.09580733736603057,0.30952760356070114,0.22399923410448525,0.8982463807137344
NN (nn_relu_dropout_exp_5_epochs_150),0.10030864763629542,0.31671540479789645,0.2222106693927193,0.8934656966437867
NN (nn_v3_tanh),0.10049609811198859,0.3170111955625362,0.236983649931072,0.8932666120552459
NN (nn_v4_sigmoid),0.10099354083721139,0.31779480933018933,0.2361751036645459,0.89273829554974
NN (nn_relu_dropout_exp_2_lr_low),0.10989164305044499,0.331499084539377,0.23950189018246476,0.8832879326666079
Linear Regression,0.12240855514545107,0.34986934010491844,0.263236851076726,0.8699941584842719
Baseline,0.9503275251593644,0.9748474368635147,0.7702804034329552,-0.009309598312776002
